Timestamp,Symbol,Direction,Entry_Price,Exit_Price,Quantity,Margin_USDT,PNL_USDT,PNL_Percent,Exit_Reason,Duration_Minutes
2025-11-24 16:58:53,BTCUSDT,SHORT,,,0.011,,2.45,+4.90%,TP,
2025-11-24 16:59:00,SOLUSDT,SHORT,,,7.0,,1.75,+3.50%,TP,
2025-11-24 16:59:05,ADAUSDT,SHORT,,,2337.0,,-5.85,-11.70%,SL,
2025-11-24 16:59:09,XRPUSDT,SHORT,,,443.0,,-3.10,-6.20%,SL,
2025-11-24 16:59:15,BNBUSDT,SHORT,,,1.16,,0.58,+1.16%,TP,
2025-11-24 16:59:19,DOGEUSDT,SHORT,,,6592.0,,-1.98,-3.96%,SL,
2025-11-24 17:00:09,ETHUSDT,SHORT,,,0.341,,1.70,+3.40%,TP,
2025-11-24 17:05:30,BTCUSDT,LONG,,,0.011,,3.20,+6.40%,TP,
2025-11-24 17:10:15,SOLUSDT,LONG,,,7.0,,2.10,+4.20%,TP,
2025-11-24 17:15:45,ETHUSDT,LONG,,,0.341,,1.50,+3.00%,TP,
2025-11-24 17:20:20,BNBUSDT,LONG,,,1.16,,0.75,+1.50%,TP,
2025-11-24 17:25:10,XRPUSDT,LONG,,,443.0,,-4.50,-9.00%,SL,
2025-11-24 17:30:55,ADAUSDT,LONG,,,2337.0,,-6.20,-12.40%,SL,
2025-11-24 17:35:40,DOGEUSDT,LONG,,,6592.0,,1.32,+2.64%,TP,
2025-11-24 17:40:25,BTCUSDT,SHORT,,,0.011,,2.75,+5.50%,TP,
2025-11-24 17:45:30,ETHUSDT,SHORT,,,0.341,,2.05,+4.10%,TP,
2025-11-24 17:50:15,SOLUSDT,SHORT,,,7.0,,-1.40,-2.80%,SL,
2025-11-24 17:55:45,BNBUSDT,SHORT,,,1.16,,0.85,+1.70%,TP,
2025-11-24 18:00:20,XRPUSDT,SHORT,,,443.0,,2.20,+4.40%,TP,
2025-11-24 18:05:10,ADAUSDT,SHORT,,,2337.0,,-7.10,-14.20%,SL,
2025-11-24 17:31:02,BTCUSDT,LONG,,,,,-8.34,-8.25%,SL,
2025-11-24 18:00:06,ETHUSDT,SHORT,,,,,14.93,4.99%,TP,
2025-11-24 18:01:22,ETHUSDT,SHORT,,,,,2.81,4.70%,TP,
2025-11-24 18:01:22,ETHUSDT,SHORT,,,,,2.81,4.70%,TP,
2025-11-24 18:23:52,BNBUSDT,SHORT,,,,,2.96,4.96%,TP,
2025-11-24 18:23:52,BNBUSDT,SHORT,,,,,2.96,4.96%,TP,
2025-11-24 18:25:05,BNBUSDT,SHORT,,,,,13.30,4.45%,TP,
2025-11-24 18:25:05,BNBUSDT,SHORT,,,,,13.30,4.45%,TP,
2025-11-24 18:25:05,BTCUSDT,LONG,,,,,-8.35,-8.28%,SL,
2025-11-24 18:26:26,SOLUSDT,SHORT,,,,,14.90,7.74%,TP,
2025-11-24 18:26:26,SOLUSDT,SHORT,,,,,14.90,7.74%,TP,
2025-11-24 18:27:05,BNBUSDT,SHORT,,,,,13.76,4.59%,TP,
2025-11-24 18:45:41,ETHUSDT,SHORT,,,,,-25.29,-8.40%,SL,
2025-11-24 18:50:15,ETHUSDT,LONG,,,,,15.08,5.01%,TP,
2025-11-24 18:50:15,ETHUSDT,LONG,,,,,15.08,5.01%,TP,
2025-11-24 18:50:53,SOLUSDT,SHORT,,,,,-25.96,-8.55%,SL,
2025-11-24 18:50:53,BNBUSDT,SHORT,,,,,-25.85,-8.58%,SL,
2025-11-24 19:52:05,ETHUSDT,SHORT,,,,,12.22,4.08%,TP,
2025-11-24 20:05:38,BTCUSDT,LONG,,,,,2.74,4.45%,TP,
2025-11-24 20:05:39,BTCUSDT,LONG,,,,,2.74,4.45%,TP,
2025-11-24 20:10:05,ETHUSDT,SHORT,,,,,-26.42,-8.77%,SL,
2025-11-24 20:21:12,ETHUSDT,LONG,,,,,2.56,4.26%,TP,
2025-11-24 20:22:31,BNBUSDT,LONG,,,,,-30.97,-10.39%,SL,
2025-11-24 20:31:39,ETHUSDT,LONG,,,,,2.88,4.80%,TP,
2025-11-24 20:31:39,ETHUSDT,LONG,,,,,2.88,4.80%,TP,
2025-11-24 20:34:50,BNBUSDT,LONG,,,,,13.02,4.34%,TP,
2025-11-24 20:34:50,BNBUSDT,LONG,,,,,13.02,4.34%,TP,
2025-11-24 20:34:51,BNBUSDT,LONG,,,,,13.25,4.41%,TP,
2025-11-24 20:43:20,ETHUSDT,SHORT,,,,,2.40,4.00%,TP,
2025-11-24 21:16:43,SOLUSDT,LONG,,,,,-31.36,-8.11%,SL,
2025-11-24 21:17:55,ETHUSDT,SHORT,,,,,16.50,4.13%,TP,
2025-11-24 21:17:55,ETHUSDT,SHORT,,,,,16.50,4.13%,TP,
2025-11-24 21:17:56,ETHUSDT,SHORT,,,,,16.50,4.13%,TP,
2025-11-24 21:26:03,ETHUSDT,SHORT,,,,,18.01,4.52%,TP,
2025-11-24 21:26:04,ETHUSDT,SHORT,,,,,18.01,4.52%,TP,
2025-11-24 21:26:44,BTCUSDT,LONG,,,,,-25.55,-8.42%,SL,
2025-11-24 22:25:47,BTCUSDT,SHORT,,,,,16.39,4.05%,TP,
2025-11-24 22:56:33,SOLUSDT,SHORT,,,,,-16.61,-8.59%,SL,
2025-11-24 23:25:24,SOLUSDT,SHORT,,,,,18.15,4.41%,TP,
2025-11-24 23:26:26,SOLUSDT,SHORT,,,,,15.81,5.13%,TP,
2025-11-24 23:27:14,BTCUSDT,SHORT,,,,,3.26,4.13%,TP,
2025-11-24 23:47:25,SOLUSDT,SHORT,,,,,12.33,4.01%,TP,
2025-11-24 23:48:27,BNBUSDT,SHORT,,,,,16.70,4.19%,TP,
2025-11-24 23:50:00,SOLUSDT,SHORT,,,,,12.60,4.11%,TP,
2025-11-24 23:50:01,ETHUSDT,SHORT,,,,,21.92,5.49%,TP,
2025-11-24 23:50:01,BNBUSDT,SHORT,,,,,14.81,4.94%,TP,
2025-11-24 23:52:02,BNBUSDT,SHORT,,,,,14.17,4.73%,TP,
2025-11-24 23:55:07,BTCUSDT,LONG,,,,,-16.67,-8.30%,SL,
2025-11-25 01:12:45,ETHUSDT,SHORT,,,,,56.75,9.50%,TP,
2025-11-25 01:12:46,BNBUSDT,SHORT,,,,,67.89,13.68%,TP,
2025-11-25 01:25:25,BNBUSDT,SHORT,,,,,17.04,4.28%,TP,
2025-11-25 01:25:25,BNBUSDT,SHORT,,,,,16.66,4.18%,TP,
2025-11-25 01:42:41,SOLUSDT,SHORT,,,,,-36.49,-8.97%,SL,
2025-11-25 01:42:42,ETHUSDT,SHORT,,,,,-34.75,-8.65%,SL,
2025-11-25 01:43:38,BTCUSDT,LONG,,,,,8.40,4.20%,TP,
2025-11-25 01:43:51,ETHUSDT,LONG,,,,,8.56,4.27%,TP,
2025-11-25 01:44:29,ETHUSDT,LONG,,,,,12.59,4.18%,TP,
2025-11-25 01:48:46,BNBUSDT,SHORT,,,,,-19.14,-9.51%,SL,
2025-11-25 01:57:28,SOLUSDT,LONG,,,,,12.90,6.32%,TP,
2025-11-25 01:57:29,SOLUSDT,LONG,,,,,12.90,6.32%,TP,
2025-11-25 02:23:59,BNBUSDT,LONG,,,,,8.27,4.12%,TP,
2025-11-25 02:32:43,ETHUSDT,LONG,,,,,9.01,4.48%,TP,
2025-11-25 02:32:43,ETHUSDT,LONG,,,,,8.90,4.43%,TP,
2025-11-25 02:33:53,BTCUSDT,LONG,,,,,8.83,4.40%,TP,
2025-11-25 02:33:53,BTCUSDT,LONG,,,,,8.83,4.40%,TP,
2025-11-25 02:34:33,SOLUSDT,LONG,,,,,12.60,4.10%,TP,
2025-11-25 03:03:53,SOLUSDT,LONG,,,,,-35.64,-8.74%,SL,
2025-11-25 03:20:18,SOLUSDT,LONG,,,,,-30.71,-10.04%,SL,
2025-11-25 06:32:52,BTCUSDT,SHORT,,,,,-8.91,-8.86%,SL,
2025-11-25 06:33:34,BTCUSDT,SHORT,,,,,-27.24,-9.03%,SL,
2025-11-25 06:44:57,BNBUSDT,SHORT,,,,,-59.15,-19.53%,SL,
2025-11-25 06:45:51,SOLUSDT,SHORT,,,,,-97.22,-31.66%,SL,
2025-11-25 06:45:52,ETHUSDT,SHORT,,,,,-34.75,-8.65%,SL,
2025-11-25 06:45:52,BNBUSDT,SHORT,,,,,-19.72,-19.53%,SL,
2025-11-25 06:46:36,SOLUSDT,SHORT,,,,,-32.41,-31.66%,SL,
2025-11-25 06:46:36,ETHUSDT,SHORT,,,,,-29.20,-9.69%,SL,
2025-11-25 06:46:37,BNBUSDT,SHORT,,,,,-60.72,-20.05%,SL,
2025-11-25 06:47:26,SOLUSDT,SHORT,,,,,-103.07,-33.57%,SL,
2025-11-25 06:47:26,ETHUSDT,SHORT,,,,,-42.18,-13.96%,SL,
2025-11-25 06:47:26,BNBUSDT,SHORT,,,,,-60.99,-20.14%,SL,
2025-11-25 06:48:10,SOLUSDT,SHORT,,,,,-103.07,-33.57%,SL,
2025-11-25 06:48:10,ETHUSDT,SHORT,,,,,-28.49,-14.14%,SL,
2025-11-25 06:48:10,BNBUSDT,SHORT,,,,,-64.42,-21.27%,SL,
2025-11-25 06:48:59,SOLUSDT,SHORT,,,,,-136.40,-44.42%,SL,
2025-11-25 06:48:59,ETHUSDT,SHORT,,,,,-60.53,-19.98%,SL,
2025-11-25 06:49:00,BNBUSDT,SHORT,,,,,-71.69,-23.57%,SL,
2025-11-25 06:49:49,SOLUSDT,SHORT,,,,,-139.22,-45.34%,SL,
2025-11-25 06:49:49,ETHUSDT,SHORT,,,,,-62.84,-20.74%,SL,
2025-11-25 06:49:50,BNBUSDT,SHORT,,,,,-84.68,-27.84%,SL,
2025-11-25 06:50:41,SOLUSDT,SHORT,,,,,-148.97,-48.52%,SL,
2025-11-25 06:50:41,ETHUSDT,SHORT,,,,,-60.40,-19.91%,SL,
2025-11-25 06:50:42,BNBUSDT,SHORT,,,,,-102.10,-33.43%,SL,
2025-11-25 06:51:28,SOLUSDT,SHORT,,,,,-99.31,-48.52%,SL,
2025-11-25 06:51:29,ETHUSDT,SHORT,,,,,-44.13,-21.85%,SL,
2025-11-25 06:51:30,BNBUSDT,SHORT,,,,,-102.10,-33.43%,SL,
2025-11-25 06:52:12,SOLUSDT,SHORT,,,,,-49.66,-48.52%,SL,
2025-11-25 06:52:12,BNBUSDT,SHORT,,,,,-67.78,-33.43%,SL,
2025-11-25 06:52:45,SOLUSDT,LONG,,,,,41.86,40.89%,TP,
2025-11-25 06:52:55,SOLUSDT,LONG,,,,,41.86,40.89%,TP,
2025-11-25 06:52:55,SOLUSDT,LONG,,,,,83.71,40.89%,TP,
2025-11-25 06:52:56,BNBUSDT,SHORT,,,,,-33.89,-33.43%,SL,
2025-11-25 06:53:33,SOLUSDT,LONG,,,,,41.86,40.89%,TP,
2025-11-25 06:53:49,SOLUSDT,LONG,,,,,41.86,40.89%,TP,
2025-11-25 06:53:50,BNBUSDT,SHORT,,,,,-58.60,-28.90%,SL,
2025-11-25 06:53:56,SOLUSDT,LONG,,,,,41.86,40.89%,TP,
2025-11-25 06:54:30,SOLUSDT,SHORT,,,,,-85.81,-41.92%,SL,
2025-11-25 06:54:31,BNBUSDT,SHORT,,,,,-29.30,-28.90%,SL,
2025-11-25 06:55:25,SOLUSDT,SHORT,,,,,-84.01,-41.04%,SL,
2025-11-25 06:55:58,ETHUSDT,LONG,,,,,15.77,15.64%,TP,
2025-11-25 06:56:14,SOLUSDT,SHORT,,,,,-42.01,-41.04%,SL,
2025-11-25 06:56:43,ETHUSDT,LONG,,,,,15.01,14.91%,TP,
2025-11-25 06:57:11,ETHUSDT,LONG,,,,,23.97,11.92%,TP,
2025-11-25 07:05:43,ETHUSDT,SHORT,,,,,-72.22,-23.80%,SL,
2025-11-25 07:08:05,ETHUSDT,SHORT,,,,,-39.24,-19.42%,SL,
2025-11-25 07:09:03,ETHUSDT,SHORT,,,,,-50.65,-16.74%,SL,
2025-11-25 07:09:47,ETHUSDT,SHORT,,,,,-42.10,-13.94%,SL,
2025-11-25 07:29:45,BNBUSDT,LONG,,,,,39.87,19.75%,TP,
2025-11-25 07:29:48,BNBUSDT,LONG,,,,,19.93,19.74%,TP,
2025-11-25 07:29:48,BNBUSDT,LONG,,,,,19.93,19.74%,TP,
2025-11-25 07:31:32,SOLUSDT,LONG,,,,,29.71,29.02%,TP,
2025-11-25 07:31:34,SOLUSDT,LONG,,,,,59.41,29.02%,TP,
2025-11-25 07:31:34,SOLUSDT,LONG,,,,,59.41,29.02%,TP,
2025-11-25 07:32:31,SOLUSDT,LONG,,,,,27.61,26.97%,TP,
2025-11-25 07:32:31,SOLUSDT,LONG,,,,,55.21,26.97%,TP,
2025-11-25 07:32:32,SOLUSDT,LONG,,,,,27.61,26.97%,TP,
2025-11-25 07:33:21,SOLUSDT,LONG,,,,,52.21,25.51%,TP,
2025-11-25 07:33:21,SOLUSDT,LONG,,,,,52.21,25.51%,TP,
2025-11-25 07:33:22,SOLUSDT,LONG,,,,,25.96,25.36%,TP,
2025-11-25 08:21:11,BNBUSDT,LONG,,,,,9.07,4.53%,TP,
2025-11-25 08:21:11,BNBUSDT,LONG,,,,,9.07,4.53%,TP,
2025-11-25 08:25:08,SOLUSDT,LONG,,,,,7.06,6.89%,TP,
2025-11-25 08:25:08,SOLUSDT,LONG,,,,,14.11,6.89%,TP,
2025-11-25 08:25:10,SOLUSDT,LONG,,,,,7.06,6.89%,TP,
2025-11-25 08:25:44,SOLUSDT,LONG,,,,,14.07,6.88%,TP,
2025-11-25 08:25:45,SOLUSDT,LONG,,,,,14.07,6.88%,TP,
2025-11-25 08:25:47,SOLUSDT,LONG,,,,,6.76,6.60%,TP,
2025-11-25 08:26:20,SOLUSDT,LONG,,,,,6.70,6.54%,TP,
2025-11-25 08:26:21,SOLUSDT,LONG,,,,,6.65,6.50%,TP,
2025-11-25 08:26:25,SOLUSDT,LONG,,,,,6.61,6.45%,TP,
2025-11-25 08:26:56,SOLUSDT,LONG,,,,,6.61,6.45%,TP,
2025-11-25 08:26:58,SOLUSDT,LONG,,,,,6.61,6.45%,TP,
2025-11-25 08:27:02,SOLUSDT,LONG,,,,,6.61,6.45%,TP,
2025-11-25 08:27:33,SOLUSDT,LONG,,,,,6.16,6.02%,TP,
2025-11-25 08:27:33,SOLUSDT,LONG,,,,,6.16,6.02%,TP,
2025-11-25 08:27:35,SOLUSDT,LONG,,,,,6.16,6.02%,TP,
2025-11-25 08:28:09,SOLUSDT,LONG,,,,,5.71,5.58%,TP,
2025-11-25 08:28:10,SOLUSDT,LONG,,,,,5.71,5.58%,TP,
2025-11-25 08:28:12,SOLUSDT,LONG,,,,,5.71,5.58%,TP,
2025-11-25 08:28:47,SOLUSDT,LONG,,,,,5.26,5.14%,TP,
2025-11-25 08:28:48,SOLUSDT,LONG,,,,,5.26,5.14%,TP,
2025-11-25 08:28:50,SOLUSDT,LONG,,,,,5.26,5.14%,TP,
2025-11-25 08:29:23,SOLUSDT,LONG,,,,,4.81,4.70%,TP,
2025-11-25 08:29:24,SOLUSDT,LONG,,,,,4.96,4.84%,TP,
2025-11-25 08:29:27,SOLUSDT,LONG,,,,,4.96,4.84%,TP,
2025-11-25 08:30:00,SOLUSDT,LONG,,,,,4.51,4.40%,TP,
2025-11-25 08:30:01,SOLUSDT,LONG,,,,,4.51,4.40%,TP,
2025-11-25 08:30:06,SOLUSDT,LONG,,,,,4.36,4.26%,TP,
2025-11-25 14:32:05,SOLUSDT,LONG,,,,,29.70,14.43%,TP,
2025-11-25 14:32:06,ETHUSDT,SHORT,,,,,-89.07,-29.28%,SL,
2025-11-25 14:32:06,BNBUSDT,LONG,,,,,49.28,16.30%,TP,
2025-11-25 14:39:53,BTCUSDT,LONG,,,,,12.97,4.30%,TP,
2025-11-25 14:40:06,SOLUSDT,LONG,,,,,7.28,7.50%,TP,
2025-11-25 14:40:08,ETHUSDT,LONG,,,,,6.15,6.13%,TP,
2025-11-25 14:40:37,SOLUSDT,LONG,,,,,6.89,7.09%,TP,
2025-11-25 14:40:37,ETHUSDT,LONG,,,,,12.48,6.22%,TP,
2025-11-25 14:40:37,SOLUSDT,LONG,,,,,6.88,7.08%,TP,
2025-11-25 14:40:38,BNBUSDT,LONG,,,,,4.17,4.16%,TP,
2025-11-25 14:40:38,ETHUSDT,LONG,,,,,12.32,6.14%,TP,
2025-11-25 14:40:38,BNBUSDT,LONG,,,,,4.18,4.16%,TP,
2025-11-25 14:43:13,SOLUSDT,LONG,,,,,4.06,4.19%,TP,
2025-11-25 14:51:24,ETHUSDT,LONG,,,,,4.75,4.74%,TP,
2025-11-25 14:57:12,SOLUSDT,LONG,,,,,1.36,6.51%,TP,
2025-11-25 14:57:12,ETHUSDT,LONG,,,,,3.94,9.79%,TP,
2025-11-25 14:58:14,SOLUSDT,LONG,,,,,4.75,4.88%,TP,
2025-11-25 14:58:27,SOLUSDT,LONG,,,,,5.89,5.64%,TP,
2025-11-25 14:58:27,BNBUSDT,LONG,,,,,4.20,4.20%,TP,
2025-11-25 14:58:57,SOLUSDT,LONG,,,,,5.18,5.31%,TP,
2025-11-25 14:58:59,SOLUSDT,LONG,,,,,5.81,5.95%,TP,
2025-11-25 14:59:00,BNBUSDT,LONG,,,,,4.35,4.34%,TP,
2025-11-25 14:59:01,BTCUSDT,LONG,,,,,4.27,4.24%,TP,
2025-11-25 14:59:11,ETHUSDT,LONG,,,,,4.99,4.98%,TP,
2025-11-25 15:00:14,ETHUSDT,LONG,,,,,1.71,4.26%,TP,
2025-11-25 15:00:14,ETHUSDT,LONG,,,,,1.71,4.26%,TP,
2025-11-25 15:00:23,ETHUSDT,LONG,,,,,4.11,4.10%,TP,
2025-11-25 15:07:32,BNBUSDT,LONG,,,,,8.17,4.08%,TP,
2025-11-25 15:09:12,SOLUSDT,LONG,,,,,4.25,4.36%,TP,
2025-11-25 15:09:43,BNBUSDT,LONG,,,,,10.05,5.00%,TP,
2025-11-25 15:09:55,BNBUSDT,LONG,,,,,4.20,4.18%,TP,
2025-11-25 15:11:29,ETHUSDT,LONG,,,,,8.94,4.46%,TP,
2025-11-25 15:11:29,ETHUSDT,LONG,,,,,8.94,4.46%,TP,
2025-11-25 15:12:09,SOLUSDT,LONG,,,,,4.41,4.50%,TP,
2025-11-25 15:14:53,SOLUSDT,LONG,,,,,0.88,4.19%,TP,
2025-11-25 15:16:57,SOLUSDT,LONG,,,,,8.88,4.53%,TP,
2025-11-25 15:17:28,SOLUSDT,LONG,,,,,7.94,4.05%,TP,
2025-11-25 15:17:29,SOLUSDT,LONG,,,,,7.94,4.05%,TP,
2025-11-25 15:19:05,SOLUSDT,LONG,,,,,13.09,4.44%,TP,
2025-11-25 15:19:12,SOLUSDT,LONG,,,,,4.34,4.42%,TP,
2025-11-25 15:19:13,SOLUSDT,LONG,,,,,4.35,4.43%,TP,
2025-11-25 15:19:44,SOLUSDT,LONG,,,,,4.47,4.55%,TP,
2025-11-25 15:19:44,SOLUSDT,LONG,,,,,4.47,4.55%,TP,
2025-11-25 15:24:07,SOLUSDT,LONG,,,,,-10.01,-10.24%,SL,
2025-11-25 15:24:38,SOLUSDT,LONG,,,,,-10.36,-10.60%,SL,
2025-11-25 15:25:09,SOLUSDT,LONG,,,,,-10.78,-11.04%,SL,
2025-11-25 15:25:43,SOLUSDT,LONG,,,,,-10.08,-10.32%,SL,
2025-11-25 15:29:20,ETHUSDT,LONG,,,,,-8.35,-8.39%,SL,
2025-11-25 15:36:35,SOLUSDT,LONG,,,,,-9.03,-9.27%,SL,
2025-11-25 15:47:17,BNBUSDT,LONG,,,,,-17.14,-8.60%,SL,
2025-11-25 15:52:43,BTCUSDT,LONG,,,,,-16.15,-8.04%,SL,
2025-11-25 16:23:43,SOLUSDT,SHORT,,,,,-12.10,-12.37%,SL,
2025-11-25 16:23:44,ETHUSDT,SHORT,,,,,-8.07,-8.04%,SL,
2025-11-25 16:24:19,SOLUSDT,SHORT,,,,,-25.20,-12.88%,SL,
2025-11-25 16:24:55,SOLUSDT,SHORT,,,,,-11.17,-11.43%,SL,
2025-11-25 16:25:33,SOLUSDT,SHORT,,,,,-22.68,-11.60%,SL,
2025-11-25 17:05:23,ETHUSDT,SHORT,,,,,10.94,5.49%,TP,
2025-11-25 17:17:35,SOLUSDT,SHORT,,,,,-7.84,-8.05%,SL,
2025-11-25 17:30:55,ETHUSDT,SHORT,,,,,-8.34,-8.31%,SL,
2025-11-25 17:40:02,BNBUSDT,SHORT,,,,,-16.09,-8.00%,SL,
2025-11-25 17:40:35,SOLUSDT,LONG,,,,,12.12,4.12%,TP,
2025-11-25 17:40:35,SOLUSDT,LONG,,,,,12.12,4.12%,TP,
2025-11-25 17:41:12,SOLUSDT,LONG,,,,,10.08,5.13%,TP,
2025-11-25 17:41:12,SOLUSDT,LONG,,,,,10.08,5.13%,TP,
2025-11-25 17:41:15,SOLUSDT,LONG,,,,,4.34,4.42%,TP,
2025-11-25 17:41:53,ETHUSDT,LONG,,,,,12.93,4.30%,TP,
2025-11-25 17:42:29,SOLUSDT,LONG,,,,,5.41,9.63%,TP,
2025-11-25 17:42:29,ETHUSDT,LONG,,,,,5.39,5.37%,TP,
2025-11-25 17:42:29,ETHUSDT,LONG,,,,,10.65,5.31%,TP,
2025-11-25 17:42:30,BTCUSDT,LONG,,,,,4.26,6.90%,TP,
2025-11-25 17:42:30,BTCUSDT,LONG,,,,,4.22,6.84%,TP,
2025-11-25 17:42:31,ETHUSDT,LONG,,,,,4.93,4.91%,TP,
2025-11-25 17:43:46,SOLUSDT,LONG,,,,,14.88,5.04%,TP,
2025-11-25 17:43:46,ETHUSDT,LONG,,,,,11.41,5.17%,TP,
2025-11-25 17:43:52,SOLUSDT,LONG,,,,,4.58,4.66%,TP,
2025-11-25 17:55:38,SOLUSDT,LONG,,,,,-8.58,-8.77%,SL,
2025-11-25 17:55:39,ETHUSDT,LONG,,,,,-9.44,-9.49%,SL,
2025-11-25 18:02:48,BNBUSDT,LONG,,,,,12.33,4.10%,TP,
2025-11-25 18:34:23,SOLUSDT,SHORT,,,,,6.09,6.26%,TP,
2025-11-25 18:37:15,ETHUSDT,SHORT,,,,,1.90,4.75%,TP,
2025-11-25 18:58:27,BTCUSDT,LONG,,,,,-24.25,-8.02%,SL,
2025-11-25 19:07:33,BNBUSDT,LONG,,,,,-24.17,-8.10%,SL,
2025-11-25 19:33:09,SOLUSDT,SHORT,,,,,13.17,4.51%,TP,
2025-11-25 19:33:09,ETHUSDT,SHORT,,,,,9.18,4.60%,TP,
2025-11-25 19:33:19,BNBUSDT,SHORT,,,,,4.55,4.57%,TP,
2025-11-25 19:33:50,BNBUSDT,SHORT,,,,,4.43,4.44%,TP,
2025-11-25 19:34:01,BNBUSDT,SHORT,,,,,4.69,4.70%,TP,
2025-11-25 19:34:33,ETHUSDT,SHORT,,,,,10.37,5.20%,TP,
2025-11-25 19:36:20,BNBUSDT,SHORT,,,,,8.26,4.13%,TP,
2025-11-25 19:40:29,ETHUSDT,SHORT,,,,,15.89,5.31%,TP,
2025-11-25 19:40:29,ETHUSDT,SHORT,,,,,15.89,5.31%,TP,
2025-11-25 19:40:30,BTCUSDT,SHORT,,,,,8.80,4.38%,TP,
2025-11-25 19:40:30,BTCUSDT,SHORT,,,,,8.80,4.38%,TP,
2025-11-25 19:40:30,BTCUSDT,SHORT,,,,,8.80,4.38%,TP,
2025-11-25 19:41:43,SOLUSDT,SHORT,,,,,16.59,5.71%,TP,
2025-11-25 19:41:43,SOLUSDT,SHORT,,,,,16.59,5.71%,TP,
2025-11-25 19:41:43,SOLUSDT,SHORT,,,,,16.59,5.71%,TP,
2025-11-25 19:41:43,ETHUSDT,SHORT,,,,,12.15,4.06%,TP,
2025-11-25 19:41:43,ETHUSDT,SHORT,,,,,12.15,4.06%,TP,
2025-11-25 19:41:43,BNBUSDT,SHORT,,,,,8.31,4.16%,TP,
2025-11-25 19:41:44,BNBUSDT,SHORT,,,,,8.31,4.16%,TP,
2025-11-25 19:41:44,ETHUSDT,SHORT,,,,,12.15,4.06%,TP,
2025-11-25 19:41:45,BNBUSDT,SHORT,,,,,8.31,4.16%,TP,
2025-11-25 19:50:16,SOLUSDT,SHORT,,,,,13.77,4.74%,TP,
2025-11-25 19:51:22,ETHUSDT,SHORT,,,,,2.46,4.10%,TP,
2025-11-25 19:52:04,SOLUSDT,SHORT,,,,,11.62,4.01%,TP,
2025-11-25 19:54:51,ETHUSDT,SHORT,,,,,6.20,6.23%,TP,
2025-11-25 19:54:52,ETHUSDT,SHORT,,,,,6.20,6.23%,TP,
2025-11-25 20:10:17,BNBUSDT,SHORT,,,,,2.94,4.92%,TP,
2025-11-25 20:10:17,BNBUSDT,SHORT,,,,,2.75,4.61%,TP,
2025-11-25 20:11:30,SOLUSDT,SHORT,,,,,2.04,4.93%,TP,
2025-11-25 20:17:39,BNBUSDT,SHORT,,,,,12.37,4.12%,TP,
2025-11-25 20:27:38,SOLUSDT,SHORT,,,,,-25.54,-8.20%,SL,
2025-11-25 21:16:51,ETHUSDT,SHORT,,,,,-24.90,-8.27%,SL,
2025-11-25 21:20:57,BNBUSDT,SHORT,,,,,-24.49,-8.13%,SL,
2025-11-25 21:21:35,SOLUSDT,LONG,,,,,2.62,4.73%,TP,
2025-11-25 21:40:23,BTCUSDT,LONG,,,,,13.17,4.35%,TP,
2025-11-25 21:40:23,BTCUSDT,LONG,,,,,13.17,4.35%,TP,
2025-11-25 21:55:23,SOLUSDT,LONG,,,,,3.20,5.75%,TP,
2025-11-25 22:09:53,ETHUSDT,LONG,,,,,18.19,6.05%,TP,
2025-11-25 22:09:54,ETHUSDT,LONG,,,,,18.19,6.05%,TP,
2025-11-25 22:18:42,ETHUSDT,LONG,,,,,-8.87,-8.90%,SL,
2025-11-25 22:21:30,SOLUSDT,LONG,,,,,-7.84,-8.09%,SL,
2025-11-25 22:52:34,SOLUSDT,LONG,,,,,13.81,4.71%,TP,
2025-11-25 22:53:15,BTCUSDT,LONG,,,,,4.07,4.03%,TP,
2025-11-25 22:57:37,SOLUSDT,LONG,,,,,12.18,4.15%,TP,
2025-11-25 22:57:37,SOLUSDT,LONG,,,,,12.18,4.15%,TP,
2025-11-26 00:11:09,BNBUSDT,LONG,,,,,-29.47,-9.87%,SL,
2025-11-26 00:14:51,ETHUSDT,SHORT,,,,,14.38,4.81%,TP,
2025-11-26 00:14:51,ETHUSDT,SHORT,,,,,13.95,4.66%,TP,
2025-11-26 00:14:54,SOLUSDT,LONG,,,,,-23.94,-8.19%,SL,
2025-11-26 00:21:29,BNBUSDT,SHORT,,,,,2.78,4.64%,TP,
2025-11-26 00:21:31,BNBUSDT,SHORT,,,,,2.78,4.64%,TP,
2025-11-26 00:37:19,SOLUSDT,SHORT,,,,,2.36,4.28%,TP,
2025-11-26 00:37:20,SOLUSDT,SHORT,,,,,2.36,4.28%,TP,
2025-11-26 00:37:20,SOLUSDT,SHORT,,,,,2.36,4.28%,TP,
2025-11-26 00:38:31,ETHUSDT,LONG,,,,,-26.29,-8.80%,SL,
2025-11-26 00:38:32,BTCUSDT,LONG,,,,,-16.40,-8.16%,SL,
2025-11-26 01:06:52,SOLUSDT,SHORT,,,,,33.46,11.61%,TP,
2025-11-26 01:06:53,SOLUSDT,SHORT,,,,,33.46,11.61%,TP,
2025-11-26 01:06:53,ETHUSDT,LONG,,,,,-24.53,-8.21%,SL,
2025-11-26 01:16:56,BTCUSDT,SHORT,,,,,12.84,4.27%,TP,
2025-11-26 01:17:18,SOLUSDT,SHORT,,,,,1.02,4.99%,TP,
2025-11-26 01:17:19,SOLUSDT,SHORT,,,,,1.02,4.99%,TP,
2025-11-26 01:19:16,SOLUSDT,LONG,,,,,0.92,4.46%,TP,
2025-11-26 01:20:49,SOLUSDT,SHORT,,,,,9.32,4.54%,TP,
2025-11-26 01:21:15,SOLUSDT,SHORT,,,,,8.69,4.24%,TP,
2025-11-26 01:21:15,SOLUSDT,SHORT,,,,,8.69,4.24%,TP,
2025-11-26 01:22:17,SOLUSDT,SHORT,,,,,4.91,4.79%,TP,
2025-11-26 01:28:06,BTCUSDT,SHORT,,,,,4.07,4.07%,TP,
2025-11-26 01:33:16,SOLUSDT,SHORT,,,,,0.99,4.84%,TP,
2025-11-26 01:33:29,BNBUSDT,SHORT,,,,,2.49,4.16%,TP,
2025-11-26 01:35:08,BNBUSDT,SHORT,,,,,4.00,4.00%,TP,
2025-11-26 01:39:01,BTCUSDT,SHORT,,,,,0.93,4.29%,TP,
2025-11-26 01:48:04,BNBUSDT,SHORT,,,,,4.47,4.47%,TP,
2025-11-26 01:54:59,BTCUSDT,SHORT,,,,,4.34,4.35%,TP,
2025-11-26 02:02:47,SOLUSDT,SHORT,,,,,-10.05,-9.79%,SL,
2025-11-26 02:04:12,BTCUSDT,LONG,,,,,1.04,4.79%,TP,
2025-11-26 02:19:01,BNBUSDT,SHORT,,,,,-8.05,-8.02%,SL,
2025-11-26 03:39:00,SOLUSDT,LONG,,,,,-16.62,-8.12%,SL,
2025-11-26 04:04:24,SOLUSDT,SHORT,,,,,5.13,8.38%,TP,
2025-11-26 04:04:24,ETHUSDT,LONG,,,,,-22.51,-11.32%,SL,
2025-11-26 04:04:24,SOLUSDT,SHORT,,,,,5.13,8.38%,TP,
2025-11-26 04:04:24,BNBUSDT,LONG,,,,,-10.55,-10.60%,SL,
2025-11-26 04:04:34,SOLUSDT,SHORT,,,,,5.55,5.44%,TP,
2025-11-26 04:05:05,SOLUSDT,SHORT,,,,,8.77,8.60%,TP,
2025-11-26 04:05:07,SOLUSDT,SHORT,,,,,9.15,8.97%,TP,
2025-11-26 04:05:07,SOLUSDT,SHORT,,,,,9.15,8.97%,TP,
2025-11-26 04:08:26,SOLUSDT,SHORT,,,,,2.82,4.61%,TP,
2025-11-26 04:08:58,ETHUSDT,SHORT,,,,,4.15,4.16%,TP,
2025-11-26 04:13:16,BTCUSDT,LONG,,,,,-8.28,-8.32%,SL,
2025-11-26 04:16:19,BTCUSDT,SHORT,,,,,4.09,4.12%,TP,
2025-11-26 04:19:04,BNBUSDT,SHORT,,,,,15.58,5.21%,TP,
2025-11-26 04:19:30,SOLUSDT,SHORT,,,,,9.76,4.80%,TP,
2025-11-26 04:19:31,BNBUSDT,SHORT,,,,,4.58,4.59%,TP,
2025-11-26 04:19:41,BNBUSDT,SHORT,,,,,4.42,4.43%,TP,
2025-11-26 04:21:15,BTCUSDT,SHORT,,,,,8.07,4.06%,TP,
2025-11-26 04:21:38,ETHUSDT,SHORT,,,,,10.79,5.42%,TP,
2025-11-26 04:21:39,BNBUSDT,SHORT,,,,,4.31,4.32%,TP,
2025-11-26 04:41:15,BTCUSDT,LONG,,,,,1.90,4.89%,TP,
2025-11-26 04:41:54,ETHUSDT,SHORT,,,,,-16.08,-8.01%,SL,
2025-11-26 05:05:53,BNBUSDT,SHORT,,,,,-17.83,-8.89%,SL,
2025-11-26 05:16:52,ETHUSDT,LONG,,,,,4.41,4.40%,TP,
2025-11-26 05:20:36,SOLUSDT,SHORT,,,,,-17.70,-8.66%,SL,
2025-11-26 05:27:05,BTCUSDT,LONG,,,,,4.15,4.16%,TP,
2025-11-26 05:27:06,BTCUSDT,LONG,,,,,0.90,4.16%,TP,
2025-11-26 05:39:40,BNBUSDT,LONG,,,,,13.35,4.44%,TP,
2025-11-26 05:39:40,BNBUSDT,LONG,,,,,13.63,4.53%,TP,
2025-11-26 05:39:41,BNBUSDT,LONG,,,,,13.63,4.53%,TP,
2025-11-26 05:40:38,ETHUSDT,LONG,,,,,14.51,4.82%,TP,
2025-11-26 05:40:39,ETHUSDT,LONG,,,,,14.51,4.82%,TP,
2025-11-26 05:40:39,ETHUSDT,LONG,,,,,16.60,5.52%,TP,
2025-11-26 05:47:39,BNBUSDT,LONG,,,,,2.52,4.19%,TP,
2025-11-26 05:58:08,BNBUSDT,LONG,,,,,12.53,4.17%,TP,
2025-11-26 05:59:24,ETHUSDT,LONG,,,,,18.02,5.98%,TP,
2025-11-26 05:59:24,ETHUSDT,LONG,,,,,17.89,5.94%,TP,
2025-11-26 05:59:24,BNBUSDT,LONG,,,,,3.57,5.93%,TP,
2025-11-26 05:59:25,BNBUSDT,LONG,,,,,3.61,6.01%,TP,
2025-11-26 06:12:43,BTCUSDT,LONG,,,,,13.25,4.40%,TP,
2025-11-26 06:12:43,BTCUSDT,LONG,,,,,13.25,4.40%,TP,
2025-11-26 06:13:55,BNBUSDT,LONG,,,,,13.95,4.63%,TP,
2025-11-26 06:13:56,BNBUSDT,LONG,,,,,13.95,4.63%,TP,
2025-11-26 06:24:59,SOLUSDT,LONG,,,,,12.88,4.17%,TP,
2025-11-26 06:24:59,SOLUSDT,LONG,,,,,12.83,4.16%,TP,
2025-11-26 06:27:38,ETHUSDT,LONG,,,,,12.43,4.13%,TP,
2025-11-26 06:31:52,SOLUSDT,LONG,,,,,-30.61,-9.98%,SL,
2025-11-26 06:34:05,BNBUSDT,LONG,,,,,-27.51,-9.21%,SL,
2025-11-26 06:40:17,BTCUSDT,LONG,,,,,3.44,5.62%,TP,
2025-11-26 06:40:53,ETHUSDT,LONG,,,,,9.97,4.97%,TP,
2025-11-26 06:41:02,BNBUSDT,SHORT,,,,,-8.23,-8.20%,SL,
2025-11-26 06:49:02,BNBUSDT,SHORT,,,,,-26.36,-8.76%,SL,
2025-11-26 06:49:52,SOLUSDT,LONG,,,,,20.04,6.45%,TP,
2025-11-26 06:49:52,SOLUSDT,LONG,,,,,20.04,6.45%,TP,
2025-11-26 06:49:52,SOLUSDT,LONG,,,,,19.72,6.35%,TP,
2025-11-26 06:49:53,ETHUSDT,LONG,,,,,17.18,5.71%,TP,
2025-11-26 06:49:53,ETHUSDT,LONG,,,,,17.18,5.71%,TP,
2025-11-26 06:49:53,BTCUSDT,LONG,,,,,9.45,4.69%,TP,
2025-11-26 06:49:53,BTCUSDT,LONG,,,,,9.45,4.69%,TP,
2025-11-26 06:49:54,ETHUSDT,LONG,,,,,17.20,5.71%,TP,
2025-11-26 06:49:55,BTCUSDT,LONG,,,,,9.45,4.69%,TP,
2025-11-26 06:51:30,SOLUSDT,LONG,,,,,-38.40,-12.46%,SL,
2025-11-26 06:52:46,ETHUSDT,LONG,,,,,-24.84,-8.31%,SL,
2025-11-26 06:53:24,SOLUSDT,LONG,,,,,3.15,5.10%,TP,
2025-11-26 06:55:18,SOLUSDT,LONG,,,,,-40.05,-13.07%,SL,
2025-11-26 06:55:18,BTCUSDT,LONG,,,,,-25.28,-8.41%,SL,
2025-11-26 06:58:30,ETHUSDT,LONG,,,,,-28.47,-9.54%,SL,
2025-11-26 06:59:14,BTCUSDT,LONG,,,,,-27.01,-9.01%,SL,
2025-11-26 07:21:26,BTCUSDT,SHORT,,,,,2.68,4.41%,TP,
2025-11-26 07:21:26,BTCUSDT,SHORT,,,,,2.66,4.37%,TP,
2025-11-26 07:27:39,BNBUSDT,SHORT,,,,,-25.25,-8.37%,SL,
2025-11-26 07:28:15,ETHUSDT,SHORT,,,,,-26.13,-8.67%,SL,
2025-11-26 07:45:21,BTCUSDT,SHORT,,,,,0.92,4.23%,TP,
2025-11-26 07:46:19,BNBUSDT,LONG,,,,,-4.31,-10.88%,SL,
2025-11-26 07:49:36,SOLUSDT,SHORT,,,,,-8.70,-8.50%,SL,
2025-11-26 07:53:58,SOLUSDT,SHORT,,,,,-18.43,-8.98%,SL,
2025-11-26 08:04:11,BTCUSDT,SHORT,,,,,-16.89,-8.42%,SL,
2025-11-26 08:36:38,BNBUSDT,LONG,,,,,9.06,4.51%,TP,
2025-11-26 08:37:11,BNBUSDT,LONG,,,,,1.60,4.00%,TP,
2025-11-26 08:52:05,ETHUSDT,LONG,,,,,-3.77,-9.47%,SL,
2025-11-26 08:57:38,BNBUSDT,LONG,,,,,2.21,5.51%,TP,
2025-11-26 09:01:15,BNBUSDT,LONG,,,,,14.76,4.92%,TP,
2025-11-26 09:01:16,BNBUSDT,LONG,,,,,14.76,4.92%,TP,
2025-11-26 09:01:16,BTCUSDT,LONG,,,,,1.76,4.46%,TP,
2025-11-26 09:01:16,BTCUSDT,LONG,,,,,1.84,4.65%,TP,
2025-11-26 09:01:19,BTCUSDT,LONG,,,,,1.76,4.46%,TP,
2025-11-26 09:02:34,BNBUSDT,LONG,,,,,12.71,4.23%,TP,
2025-11-26 09:02:34,BNBUSDT,LONG,,,,,13.36,4.45%,TP,
2025-11-26 09:05:05,BNBUSDT,LONG,,,,,13.05,4.34%,TP,
2025-11-26 09:05:06,BNBUSDT,LONG,,,,,13.05,4.34%,TP,
2025-11-26 09:07:33,BNBUSDT,LONG,,,,,17.94,5.95%,TP,
2025-11-26 09:13:05,BNBUSDT,LONG,,,,,12.65,4.21%,TP,
2025-11-26 09:13:05,BNBUSDT,LONG,,,,,12.65,4.21%,TP,
2025-11-26 09:24:06,BNBUSDT,LONG,,,,,22.05,7.32%,TP,
2025-11-26 09:25:20,BNBUSDT,LONG,,,,,5.00,4.99%,TP,
2025-11-26 09:25:53,BTCUSDT,LONG,,,,,16.87,5.55%,TP,
2025-11-26 09:25:53,BTCUSDT,LONG,,,,,16.87,5.55%,TP,
2025-11-26 09:26:29,ETHUSDT,SHORT,,,,,-27.54,-9.14%,SL,
2025-11-26 09:26:31,BTCUSDT,LONG,,,,,10.73,5.28%,TP,
2025-11-26 09:28:18,BNBUSDT,LONG,,,,,3.02,7.56%,TP,
2025-11-26 09:28:18,BTCUSDT,LONG,,,,,5.97,9.61%,TP,
2025-11-26 09:29:06,SOLUSDT,LONG,,,,,15.42,5.30%,TP,
2025-11-26 09:29:07,SOLUSDT,LONG,,,,,15.42,5.30%,TP,
2025-11-26 09:29:07,SOLUSDT,LONG,,,,,15.42,5.30%,TP,
2025-11-26 09:29:45,SOLUSDT,LONG,,,,,8.22,4.24%,TP,
2025-11-26 09:29:45,SOLUSDT,LONG,,,,,8.08,4.17%,TP,
2025-11-26 09:29:46,SOLUSDT,LONG,,,,,4.04,4.17%,TP,
2025-11-26 09:33:08,SOLUSDT,LONG,,,,,17.22,5.90%,TP,
2025-11-26 09:33:46,SOLUSDT,LONG,,,,,12.54,6.44%,TP,
2025-11-26 09:33:47,SOLUSDT,LONG,,,,,18.81,6.44%,TP,
2025-11-26 09:33:47,BNBUSDT,LONG,,,,,21.83,7.26%,TP,
2025-11-26 09:33:47,BNBUSDT,LONG,,,,,21.83,7.26%,TP,
2025-11-26 09:33:47,SOLUSDT,LONG,,,,,6.14,6.31%,TP,
2025-11-26 09:33:48,BNBUSDT,LONG,,,,,19.12,6.36%,TP,
2025-11-26 09:34:29,SOLUSDT,LONG,,,,,4.90,5.03%,TP,
2025-11-26 09:34:30,SOLUSDT,LONG,,,,,4.90,5.03%,TP,
2025-11-26 09:34:31,SOLUSDT,LONG,,,,,4.85,4.98%,TP,
2025-11-26 09:35:10,SOLUSDT,LONG,,,,,6.58,6.75%,TP,
2025-11-26 09:35:10,ETHUSDT,LONG,,,,,5.86,9.72%,TP,
2025-11-26 09:35:11,BTCUSDT,LONG,,,,,3.47,5.58%,TP,
2025-11-26 09:35:12,SOLUSDT,LONG,,,,,9.26,4.75%,TP,
2025-11-26 09:35:12,SOLUSDT,LONG,,,,,9.26,4.75%,TP,
2025-11-26 09:36:26,SOLUSDT,LONG,,,,,3.27,5.87%,TP,
2025-11-26 09:36:32,SOLUSDT,LONG,,,,,10.64,5.44%,TP,
2025-11-26 09:36:32,SOLUSDT,LONG,,,,,10.64,5.44%,TP,
2025-11-26 09:37:02,SOLUSDT,LONG,,,,,4.44,4.54%,TP,
2025-11-26 09:37:02,BTCUSDT,LONG,,,,,13.40,4.36%,TP,
2025-11-26 09:37:13,SOLUSDT,LONG,,,,,9.92,5.07%,TP,
2025-11-26 09:37:13,ETHUSDT,LONG,,,,,2.50,4.16%,TP,
2025-11-26 09:37:14,SOLUSDT,LONG,,,,,9.92,5.07%,TP,
2025-11-26 09:37:15,ETHUSDT,LONG,,,,,2.50,4.16%,TP,
2025-11-26 09:42:04,BTCUSDT,LONG,,,,,8.81,4.49%,TP,
2025-11-26 09:42:25,ETHUSDT,LONG,,,,,4.02,4.01%,TP,
2025-11-26 09:42:40,SOLUSDT,LONG,,,,,7.91,4.04%,TP,
2025-11-26 09:42:40,ETHUSDT,LONG,,,,,4.13,4.12%,TP,
2025-11-26 09:42:41,BNBUSDT,LONG,,,,,14.78,4.91%,TP,
2025-11-26 09:42:41,ETHUSDT,LONG,,,,,8.26,4.12%,TP,
2025-11-26 09:42:42,BNBUSDT,LONG,,,,,14.78,4.91%,TP,
2025-11-26 09:43:15,BNBUSDT,LONG,,,,,4.94,4.94%,TP,
2025-11-26 09:45:30,SOLUSDT,LONG,,,,,2.73,4.88%,TP,
2025-11-26 09:45:30,ETHUSDT,LONG,,,,,1.51,7.55%,TP,
2025-11-26 09:45:30,BNBUSDT,LONG,,,,,0.90,4.52%,TP,
2025-11-26 09:46:51,SOLUSDT,LONG,,,,,6.72,6.84%,TP,
2025-11-26 09:46:51,SOLUSDT,LONG,,,,,6.77,6.90%,TP,
2025-11-26 09:46:53,SOLUSDT,LONG,,,,,6.45,6.57%,TP,
2025-11-26 09:47:31,SOLUSDT,LONG,,,,,22.67,11.51%,TP,
2025-11-26 09:47:31,SOLUSDT,LONG,,,,,22.67,11.51%,TP,
2025-11-26 09:47:31,ETHUSDT,LONG,,,,,3.42,5.69%,TP,
2025-11-26 09:47:31,ETHUSDT,LONG,,,,,3.42,5.69%,TP,
2025-11-26 09:47:33,SOLUSDT,LONG,,,,,11.48,11.66%,TP,
2025-11-26 09:48:17,SOLUSDT,LONG,,,,,9.33,4.73%,TP,
2025-11-26 09:48:18,SOLUSDT,LONG,,,,,9.33,4.73%,TP,
2025-11-26 09:48:20,SOLUSDT,LONG,,,,,5.04,5.12%,TP,
2025-11-26 09:48:55,SOLUSDT,LONG,,,,,10.92,5.54%,TP,
2025-11-26 09:48:56,SOLUSDT,LONG,,,,,10.92,5.54%,TP,
2025-11-26 09:48:58,SOLUSDT,LONG,,,,,5.32,5.40%,TP,
2025-11-26 09:53:55,ETHUSDT,LONG,,,,,-25.16,-8.42%,SL,
2025-11-26 09:55:38,ETHUSDT,SHORT,,,,,-24.87,-8.27%,SL,
2025-11-26 10:01:43,BNBUSDT,LONG,,,,,14.49,4.82%,TP,
2025-11-26 10:02:18,SOLUSDT,LONG,,,,,4.45,7.89%,TP,
2025-11-26 10:03:09,BNBUSDT,LONG,,,,,5.11,5.10%,TP,
2025-11-26 10:03:30,BNBUSDT,LONG,,,,,8.41,4.21%,TP,
2025-11-26 10:03:30,BNBUSDT,LONG,,,,,8.41,4.21%,TP,
2025-11-26 10:05:41,ETHUSDT,SHORT,,,,,-25.20,-8.36%,SL,
2025-11-26 10:07:54,SOLUSDT,LONG,,,,,12.04,12.14%,TP,
2025-11-26 10:07:54,BNBUSDT,LONG,,,,,4.05,4.05%,TP,
2025-11-26 10:08:22,ETHUSDT,LONG,,,,,0.94,4.69%,TP,
2025-11-26 10:08:31,SOLUSDT,SHORT,,,,,-15.44,-15.55%,SL,
2025-11-26 10:09:04,SOLUSDT,LONG,,,,,9.03,9.10%,TP,
2025-11-26 10:09:12,SOLUSDT,LONG,,,,,9.10,9.16%,TP,
2025-11-26 10:09:12,SOLUSDT,LONG,,,,,9.10,9.16%,TP,
2025-11-26 10:11:02,SOLUSDT,LONG,,,,,35.39,11.86%,TP,
2025-11-26 10:13:27,SOLUSDT,LONG,,,,,12.61,4.22%,TP,
2025-11-26 10:14:07,SOLUSDT,LONG,,,,,8.12,4.07%,TP,
2025-11-26 10:14:07,SOLUSDT,LONG,,,,,8.12,4.07%,TP,
2025-11-26 10:15:11,ETHUSDT,LONG,,,,,8.36,4.17%,TP,
2025-11-26 10:15:14,SOLUSDT,LONG,,,,,4.06,4.07%,TP,
2025-11-26 10:15:14,SOLUSDT,LONG,,,,,4.06,4.07%,TP,
2025-11-26 10:15:55,SOLUSDT,LONG,,,,,8.80,8.78%,TP,
2025-11-26 10:15:56,SOLUSDT,LONG,,,,,17.79,8.87%,TP,
2025-11-26 10:15:56,SOLUSDT,LONG,,,,,17.79,8.87%,TP,
2025-11-26 10:16:36,SOLUSDT,LONG,,,,,6.99,6.97%,TP,
2025-11-26 10:16:36,SOLUSDT,LONG,,,,,13.83,6.89%,TP,
2025-11-26 10:16:37,SOLUSDT,LONG,,,,,6.99,6.98%,TP,
2025-11-26 10:17:45,SOLUSDT,LONG,,,,,12.33,4.09%,TP,
2025-11-26 10:21:26,SOLUSDT,LONG,,,,,12.60,4.18%,TP,
2025-11-26 10:23:06,SOLUSDT,LONG,,,,,8.65,4.29%,TP,
2025-11-26 10:23:06,SOLUSDT,LONG,,,,,8.65,4.29%,TP,
2025-11-26 10:25:41,SOLUSDT,LONG,,,,,4.88,4.84%,TP,
2025-11-26 10:25:42,SOLUSDT,LONG,,,,,4.88,4.84%,TP,
2025-11-26 10:27:23,BTCUSDT,SHORT,,,,,-24.29,-8.15%,SL,
2025-11-26 10:33:22,BTCUSDT,SHORT,,,,,13.62,4.59%,TP,
2025-11-26 10:34:01,SOLUSDT,LONG,,,,,-28.59,-9.49%,SL,
2025-11-26 10:37:43,BTCUSDT,SHORT,,,,,8.56,4.33%,TP,
2025-11-26 10:37:52,BNBUSDT,SHORT,,,,,8.78,4.40%,TP,
2025-11-26 10:37:53,ETHUSDT,LONG,,,,,-33.58,-11.25%,SL,
2025-11-26 10:38:27,SOLUSDT,SHORT,,,,,4.90,4.90%,TP,
2025-11-26 10:38:32,SOLUSDT,SHORT,,,,,5.05,5.05%,TP,
2025-11-26 10:38:34,SOLUSDT,SHORT,,,,,5.60,5.60%,TP,
2025-11-26 10:44:05,BTCUSDT,SHORT,,,,,11.86,4.00%,TP,
2025-11-26 10:44:36,ETHUSDT,SHORT,,,,,12.57,4.20%,TP,
2025-11-26 10:44:45,ETHUSDT,SHORT,,,,,8.39,4.20%,TP,
2025-11-26 10:44:46,ETHUSDT,SHORT,,,,,8.39,4.20%,TP,
2025-11-26 10:48:22,SOLUSDT,SHORT,,,,,-32.07,-10.62%,SL,
2025-11-26 10:56:49,BNBUSDT,SHORT,,,,,-8.22,-8.17%,SL,
2025-11-26 10:57:50,SOLUSDT,LONG,,,,,12.37,4.08%,TP,
2025-11-26 10:57:58,ETHUSDT,SHORT,,,,,-8.31,-8.28%,SL,
2025-11-26 10:58:33,SOLUSDT,LONG,,,,,7.98,7.89%,TP,
2025-11-26 10:58:35,SOLUSDT,LONG,,,,,5.91,5.84%,TP,
2025-11-26 10:59:11,SOLUSDT,LONG,,,,,0.90,4.15%,TP,
2025-11-26 11:12:46,BNBUSDT,SHORT,,,,,12.65,4.23%,TP,
2025-11-26 11:12:47,BNBUSDT,SHORT,,,,,14.01,4.68%,TP,
2025-11-26 11:13:18,ETHUSDT,SHORT,,,,,14.13,4.72%,TP,
2025-11-26 11:13:19,ETHUSDT,SHORT,,,,,14.13,4.72%,TP,
2025-11-26 11:13:27,SOLUSDT,LONG,,,,,-28.56,-9.46%,SL,
